{
    "results": {
        "tool": {
            "name": "pytest",
            "version": "8.4.1"
        },
        "summary": {
            "tests": 2,
            "passed": 2,
            "failed": 0,
            "skipped": 0,
            "pending": 0,
            "other": 0,
            "start": 1778156269.8272433,
            "stop": 1778156269.8811126
        },
        "tests": [
            {
                "name": "test_outputs.py::test_summary_file_exists",
                "status": "passed",
                "duration": 0.0005522100254893303,
                "start": 1778156269.8799777,
                "stop": 1778156269.8806798,
                "retries": 0,
                "file_path": "test_outputs.py"
            },
            {
                "name": "test_outputs.py::test_summary_structure_and_counts",
                "status": "passed",
                "duration": 0.000207234057597816,
                "start": 1778156269.880757,
                "stop": 1778156269.8810184,
                "retries": 0,
                "file_path": "test_outputs.py"
            }
        ]
    }
}