{
    "results": {
        "tool": {
            "name": "pytest",
            "version": "8.4.1"
        },
        "summary": {
            "tests": 2,
            "passed": 2,
            "failed": 0,
            "skipped": 0,
            "pending": 0,
            "other": 0,
            "start": 1778575749.5627704,
            "stop": 1778575749.6171355
        },
        "tests": [
            {
                "name": "test_outputs.py::test_summary_file_exists",
                "status": "passed",
                "duration": 0.00038278824649751186,
                "start": 1778575749.616083,
                "stop": 1778575749.6166723,
                "retries": 0,
                "file_path": "test_outputs.py"
            },
            {
                "name": "test_outputs.py::test_summary_structure_and_counts",
                "status": "passed",
                "duration": 0.00020877004135400057,
                "start": 1778575749.6167448,
                "stop": 1778575749.6169996,
                "retries": 0,
                "file_path": "test_outputs.py"
            }
        ]
    }
}