{
    "results": {
        "tool": {
            "name": "pytest",
            "version": "8.4.1"
        },
        "summary": {
            "tests": 2,
            "passed": 2,
            "failed": 0,
            "skipped": 0,
            "pending": 0,
            "other": 0,
            "start": 1778152018.513105,
            "stop": 1778152018.5730233
        },
        "tests": [
            {
                "name": "test_outputs.py::test_about_file",
                "status": "passed",
                "duration": 0.0005103078437969089,
                "start": 1778152018.5718048,
                "stop": 1778152018.5725207,
                "retries": 0,
                "file_path": "test_outputs.py"
            },
            {
                "name": "test_outputs.py::test_layout_file",
                "status": "passed",
                "duration": 0.00024780991952866316,
                "start": 1778152018.5726051,
                "stop": 1778152018.5729053,
                "retries": 0,
                "file_path": "test_outputs.py"
            }
        ]
    }
}