{
    "results": {
        "tool": {
            "name": "pytest",
            "version": "8.4.1"
        },
        "summary": {
            "tests": 2,
            "passed": 2,
            "failed": 0,
            "skipped": 0,
            "pending": 0,
            "other": 0,
            "start": 1778138144.6118464,
            "stop": 1778138144.6806595
        },
        "tests": [
            {
                "name": "test_outputs.py::test_about_file",
                "status": "passed",
                "duration": 0.0005733469733968377,
                "start": 1778138144.6792884,
                "stop": 1778138144.6801488,
                "retries": 0,
                "file_path": "test_outputs.py"
            },
            {
                "name": "test_outputs.py::test_layout_file",
                "status": "passed",
                "duration": 0.00024926604237407446,
                "start": 1778138144.680239,
                "stop": 1778138144.6805432,
                "retries": 0,
                "file_path": "test_outputs.py"
            }
        ]
    }
}