{
    "results": {
        "tool": {
            "name": "pytest",
            "version": "8.4.1"
        },
        "summary": {
            "tests": 2,
            "passed": 2,
            "failed": 0,
            "skipped": 0,
            "pending": 0,
            "other": 0,
            "start": 1778160306.4309757,
            "stop": 1778160306.7954957
        },
        "tests": [
            {
                "name": "test_outputs.py::test_extract_js_exists",
                "status": "passed",
                "duration": 0.00047544401604682207,
                "start": 1778160306.4804683,
                "stop": 1778160306.481135,
                "retries": 0,
                "file_path": "test_outputs.py"
            },
            {
                "name": "test_outputs.py::test_output_matches_reference",
                "status": "passed",
                "duration": 0.31355833704583347,
                "start": 1778160306.4812093,
                "stop": 1778160306.7952502,
                "retries": 0,
                "file_path": "test_outputs.py"
            }
        ]
    }
}