{
    "results": {
        "tool": {
            "name": "pytest",
            "version": "8.4.1"
        },
        "summary": {
            "tests": 2,
            "passed": 2,
            "failed": 0,
            "skipped": 0,
            "pending": 0,
            "other": 0,
            "start": 1778141007.467529,
            "stop": 1778141007.4770064
        },
        "tests": [
            {
                "name": "test_outputs.py::test_output_file_exists",
                "status": "passed",
                "duration": 0.0002208980149589479,
                "start": 1778141007.4763315,
                "stop": 1778141007.4766645,
                "retries": 0,
                "file_path": "test_outputs.py"
            },
            {
                "name": "test_outputs.py::test_output_is_correct",
                "status": "passed",
                "duration": 0.0001661130809225142,
                "start": 1778141007.4767349,
                "stop": 1778141007.476945,
                "retries": 0,
                "file_path": "test_outputs.py"
            }
        ]
    }
}