{
    "results": {
        "tool": {
            "name": "pytest",
            "version": "8.4.1"
        },
        "summary": {
            "tests": 2,
            "passed": 2,
            "failed": 0,
            "skipped": 0,
            "pending": 0,
            "other": 0,
            "start": 1778582972.428491,
            "stop": 1778582973.4989436
        },
        "tests": [
            {
                "name": "test_outputs.py::test_modernized_code_runs",
                "status": "passed",
                "duration": 1.0527603409718722,
                "start": 1778582972.4448102,
                "stop": 1778582973.4980915,
                "retries": 0,
                "file_path": "test_outputs.py"
            },
            {
                "name": "test_outputs.py::test_dependency_file_exists",
                "status": "passed",
                "duration": 0.00028499390464276075,
                "start": 1778582973.4984198,
                "stop": 1778582973.498774,
                "retries": 0,
                "file_path": "test_outputs.py"
            }
        ]
    }
}