{
    "results": {
        "tool": {
            "name": "pytest",
            "version": "8.4.1"
        },
        "summary": {
            "tests": 2,
            "passed": 2,
            "failed": 0,
            "skipped": 0,
            "pending": 0,
            "other": 0,
            "start": 1778143318.576178,
            "stop": 1778143319.7400894
        },
        "tests": [
            {
                "name": "test_outputs.py::test_modernized_code_runs",
                "status": "passed",
                "duration": 1.1421930579817854,
                "start": 1778143318.5970275,
                "stop": 1778143319.7395275,
                "retries": 0,
                "file_path": "test_outputs.py"
            },
            {
                "name": "test_outputs.py::test_dependency_file_exists",
                "status": "passed",
                "duration": 0.00019638595404103398,
                "start": 1778143319.739704,
                "stop": 1778143319.7399607,
                "retries": 0,
                "file_path": "test_outputs.py"
            }
        ]
    }
}