{
    "results": {
        "tool": {
            "name": "pytest",
            "version": "8.4.1"
        },
        "summary": {
            "tests": 2,
            "passed": 2,
            "failed": 0,
            "skipped": 0,
            "pending": 0,
            "other": 0,
            "start": 1776928933.886526,
            "stop": 1776928933.9320037
        },
        "tests": [
            {
                "name": "test_outputs.py::test_about_file",
                "status": "passed",
                "duration": 0.0010314425453543663,
                "start": 1776928933.9301457,
                "stop": 1776928933.9313018,
                "retries": 0,
                "file_path": "test_outputs.py"
            },
            {
                "name": "test_outputs.py::test_layout_file",
                "status": "passed",
                "duration": 0.0004510655999183655,
                "start": 1776928933.9314072,
                "stop": 1776928933.931923,
                "retries": 0,
                "file_path": "test_outputs.py"
            }
        ]
    }
}