{
    "results": {
        "tool": {
            "name": "pytest",
            "version": "8.4.1"
        },
        "summary": {
            "tests": 1,
            "passed": 1,
            "failed": 0,
            "skipped": 0,
            "pending": 0,
            "other": 0,
            "start": 1778576769.8635662,
            "stop": 1778576770.8633277
        },
        "tests": [
            {
                "name": "test_outputs.py::test_api",
                "status": "passed",
                "duration": 0.9900270829675719,
                "start": 1778576769.8726828,
                "stop": 1778576770.8630989,
                "retries": 0,
                "file_path": "test_outputs.py"
            }
        ]
    }
}