{
    "results": {
        "tool": {
            "name": "pytest",
            "version": "8.4.1"
        },
        "summary": {
            "tests": 2,
            "passed": 2,
            "failed": 0,
            "skipped": 0,
            "pending": 0,
            "other": 0,
            "start": 1778564392.3107584,
            "stop": 1778564393.3641207
        },
        "tests": [
            {
                "name": "test_outputs.py::test_modernized_code_runs",
                "status": "passed",
                "duration": 1.0362152660964057,
                "start": 1778564392.3266225,
                "stop": 1778564393.3633125,
                "retries": 0,
                "file_path": "test_outputs.py"
            },
            {
                "name": "test_outputs.py::test_dependency_file_exists",
                "status": "passed",
                "duration": 0.0003113941056653857,
                "start": 1778564393.3636112,
                "stop": 1778564393.3639927,
                "retries": 0,
                "file_path": "test_outputs.py"
            }
        ]
    }
}