{
    "results": {
        "tool": {
            "name": "pytest",
            "version": "8.4.1"
        },
        "summary": {
            "tests": 1,
            "passed": 1,
            "failed": 0,
            "skipped": 0,
            "pending": 0,
            "other": 0,
            "start": 1778570718.261199,
            "stop": 1778570719.4040866
        },
        "tests": [
            {
                "name": "test_outputs.py::test_api",
                "status": "passed",
                "duration": 1.1313135758973658,
                "start": 1778570718.2723198,
                "stop": 1778570719.4038951,
                "retries": 0,
                "file_path": "test_outputs.py"
            }
        ]
    }
}