{
    "results": {
        "tool": {
            "name": "pytest",
            "version": "8.4.1"
        },
        "summary": {
            "tests": 2,
            "passed": 2,
            "failed": 0,
            "skipped": 0,
            "pending": 0,
            "other": 0,
            "start": 1778559443.229734,
            "stop": 1778559443.2863817
        },
        "tests": [
            {
                "name": "test_outputs.py::test_about_file",
                "status": "passed",
                "duration": 0.0013574440963566303,
                "start": 1778559443.2841094,
                "stop": 1778559443.2856681,
                "retries": 0,
                "file_path": "test_outputs.py"
            },
            {
                "name": "test_outputs.py::test_layout_file",
                "status": "passed",
                "duration": 0.0005122951697558165,
                "start": 1778559443.2857466,
                "stop": 1778559443.286308,
                "retries": 0,
                "file_path": "test_outputs.py"
            }
        ]
    }
}