{
    "results": {
        "tool": {
            "name": "pytest",
            "version": "8.4.1"
        },
        "summary": {
            "tests": 1,
            "passed": 1,
            "failed": 0,
            "skipped": 0,
            "pending": 0,
            "other": 0,
            "start": 1778157091.5405605,
            "stop": 1778157092.8198452
        },
        "tests": [
            {
                "name": "test_outputs.py::test_api",
                "status": "passed",
                "duration": 1.256509470171295,
                "start": 1778157091.5530555,
                "stop": 1778157092.8101523,
                "retries": 0,
                "file_path": "test_outputs.py"
            }
        ]
    }
}