{
    "results": {
        "tool": {
            "name": "pytest",
            "version": "8.4.1"
        },
        "summary": {
            "tests": 1,
            "passed": 1,
            "failed": 0,
            "skipped": 0,
            "pending": 0,
            "other": 0,
            "start": 1778137361.9664686,
            "stop": 1778137363.1122477
        },
        "tests": [
            {
                "name": "test_outputs.py::test_api",
                "status": "passed",
                "duration": 1.1339207000564784,
                "start": 1778137361.9769096,
                "stop": 1778137363.1117115,
                "retries": 0,
                "file_path": "test_outputs.py"
            }
        ]
    }
}