{
    "results": {
        "tool": {
            "name": "pytest",
            "version": "8.4.1"
        },
        "summary": {
            "tests": 2,
            "passed": 2,
            "failed": 0,
            "skipped": 0,
            "pending": 0,
            "other": 0,
            "start": 1778576321.1314387,
            "stop": 1778576322.287746
        },
        "tests": [
            {
                "name": "test_outputs.py::test_modernized_code_runs",
                "status": "passed",
                "duration": 1.1355804349295795,
                "start": 1778576321.1508212,
                "stop": 1778576322.2868857,
                "retries": 0,
                "file_path": "test_outputs.py"
            },
            {
                "name": "test_outputs.py::test_dependency_file_exists",
                "status": "passed",
                "duration": 0.00029188895132392645,
                "start": 1778576322.2872097,
                "stop": 1778576322.2875745,
                "retries": 0,
                "file_path": "test_outputs.py"
            }
        ]
    }
}