{
    "results": {
        "tool": {
            "name": "pytest",
            "version": "8.4.1"
        },
        "summary": {
            "tests": 2,
            "passed": 2,
            "failed": 0,
            "skipped": 0,
            "pending": 0,
            "other": 0,
            "start": 1778144629.1552026,
            "stop": 1778144629.226964
        },
        "tests": [
            {
                "name": "test_outputs.py::test_about_file",
                "status": "passed",
                "duration": 0.0008519410039298236,
                "start": 1778144629.225116,
                "stop": 1778144629.2263653,
                "retries": 0,
                "file_path": "test_outputs.py"
            },
            {
                "name": "test_outputs.py::test_layout_file",
                "status": "passed",
                "duration": 0.0002769459970295429,
                "start": 1778144629.2264645,
                "stop": 1778144629.2267976,
                "retries": 0,
                "file_path": "test_outputs.py"
            }
        ]
    }
}