{
    "results": {
        "tool": {
            "name": "pytest",
            "version": "8.4.1"
        },
        "summary": {
            "tests": 2,
            "passed": 2,
            "failed": 0,
            "skipped": 0,
            "pending": 0,
            "other": 0,
            "start": 1778563887.4575179,
            "stop": 1778563887.5119588
        },
        "tests": [
            {
                "name": "test_outputs.py::test_summary_file_exists",
                "status": "passed",
                "duration": 0.00045414792839437723,
                "start": 1778563887.510864,
                "stop": 1778563887.5115352,
                "retries": 0,
                "file_path": "test_outputs.py"
            },
            {
                "name": "test_outputs.py::test_summary_structure_and_counts",
                "status": "passed",
                "duration": 0.00020872196182608604,
                "start": 1778563887.5116112,
                "stop": 1778563887.5118644,
                "retries": 0,
                "file_path": "test_outputs.py"
            }
        ]
    }
}