{
    "results": {
        "tool": {
            "name": "pytest",
            "version": "8.4.1"
        },
        "summary": {
            "tests": 2,
            "passed": 2,
            "failed": 0,
            "skipped": 0,
            "pending": 0,
            "other": 0,
            "start": 1778156801.4688003,
            "stop": 1778156803.6772096
        },
        "tests": [
            {
                "name": "test_outputs.py::test_modernized_code_runs",
                "status": "passed",
                "duration": 2.191029808949679,
                "start": 1778156801.4853575,
                "stop": 1778156803.6766546,
                "retries": 0,
                "file_path": "test_outputs.py"
            },
            {
                "name": "test_outputs.py::test_dependency_file_exists",
                "status": "passed",
                "duration": 0.00022142496891319752,
                "start": 1778156803.6768348,
                "stop": 1778156803.6771224,
                "retries": 0,
                "file_path": "test_outputs.py"
            }
        ]
    }
}