{
    "results": {
        "tool": {
            "name": "pytest",
            "version": "8.4.1"
        },
        "summary": {
            "tests": 2,
            "passed": 2,
            "failed": 0,
            "skipped": 0,
            "pending": 0,
            "other": 0,
            "start": 1778162422.214574,
            "stop": 1778162422.2623086
        },
        "tests": [
            {
                "name": "test_outputs.py::test_summary_file_exists",
                "status": "passed",
                "duration": 0.0003514430718496442,
                "start": 1778162422.2613962,
                "stop": 1778162422.2618957,
                "retries": 0,
                "file_path": "test_outputs.py"
            },
            {
                "name": "test_outputs.py::test_summary_structure_and_counts",
                "status": "passed",
                "duration": 0.00020873709581792355,
                "start": 1778162422.2619672,
                "stop": 1778162422.2622285,
                "retries": 0,
                "file_path": "test_outputs.py"
            }
        ]
    }
}