{
    "results": {
        "tool": {
            "name": "pytest",
            "version": "8.4.1"
        },
        "summary": {
            "tests": 2,
            "passed": 2,
            "failed": 0,
            "skipped": 0,
            "pending": 0,
            "other": 0,
            "start": 1778582364.9034348,
            "stop": 1778582364.9587266
        },
        "tests": [
            {
                "name": "test_outputs.py::test_summary_file_exists",
                "status": "passed",
                "duration": 0.00034990592394024134,
                "start": 1778582364.9577372,
                "stop": 1778582364.9582713,
                "retries": 0,
                "file_path": "test_outputs.py"
            },
            {
                "name": "test_outputs.py::test_summary_structure_and_counts",
                "status": "passed",
                "duration": 0.00021752098109573126,
                "start": 1778582364.9583457,
                "stop": 1778582364.9586105,
                "retries": 0,
                "file_path": "test_outputs.py"
            }
        ]
    }
}