{
    "results": {
        "tool": {
            "name": "pytest",
            "version": "8.4.1"
        },
        "summary": {
            "tests": 1,
            "passed": 1,
            "failed": 0,
            "skipped": 0,
            "pending": 0,
            "other": 0,
            "start": 1778163326.3268602,
            "stop": 1778163327.657848
        },
        "tests": [
            {
                "name": "test_outputs.py::test_api",
                "status": "passed",
                "duration": 1.3187668761238456,
                "start": 1778163326.3384523,
                "stop": 1778163327.6576188,
                "retries": 0,
                "file_path": "test_outputs.py"
            }
        ]
    }
}