{
    "results": {
        "tool": {
            "name": "pytest",
            "version": "8.4.1"
        },
        "summary": {
            "tests": 2,
            "passed": 2,
            "failed": 0,
            "skipped": 0,
            "pending": 0,
            "other": 0,
            "start": 1778144122.6073105,
            "stop": 1778144122.647535
        },
        "tests": [
            {
                "name": "test_outputs.py::test_solution_file",
                "status": "passed",
                "duration": 0.0003225779510103166,
                "start": 1778144122.6466851,
                "stop": 1778144122.6471322,
                "retries": 0,
                "file_path": "test_outputs.py"
            },
            {
                "name": "test_outputs.py::test_solution_content",
                "status": "passed",
                "duration": 0.00019830599194392562,
                "start": 1778144122.6472049,
                "stop": 1778144122.6474543,
                "retries": 0,
                "file_path": "test_outputs.py"
            }
        ]
    }
}