{
    "results": {
        "tool": {
            "name": "pytest",
            "version": "8.4.1"
        },
        "summary": {
            "tests": 2,
            "passed": 2,
            "failed": 0,
            "skipped": 0,
            "pending": 0,
            "other": 0,
            "start": 1778137634.2110982,
            "stop": 1778137634.261742
        },
        "tests": [
            {
                "name": "test_outputs.py::test_solution_file",
                "status": "passed",
                "duration": 0.0004321790183894336,
                "start": 1778137634.2606523,
                "stop": 1778137634.2612967,
                "retries": 0,
                "file_path": "test_outputs.py"
            },
            {
                "name": "test_outputs.py::test_solution_content",
                "status": "passed",
                "duration": 0.0001998099614866078,
                "start": 1778137634.2613714,
                "stop": 1778137634.261629,
                "retries": 0,
                "file_path": "test_outputs.py"
            }
        ]
    }
}