{
    "results": {
        "tool": {
            "name": "pytest",
            "version": "8.4.1"
        },
        "summary": {
            "tests": 2,
            "passed": 2,
            "failed": 0,
            "skipped": 0,
            "pending": 0,
            "other": 0,
            "start": 1778584487.3290153,
            "stop": 1778584487.3909478
        },
        "tests": [
            {
                "name": "test_outputs.py::test_about_file",
                "status": "passed",
                "duration": 0.0005022438708692789,
                "start": 1778584487.389747,
                "stop": 1778584487.3904715,
                "retries": 0,
                "file_path": "test_outputs.py"
            },
            {
                "name": "test_outputs.py::test_layout_file",
                "status": "passed",
                "duration": 0.0002336340257897973,
                "start": 1778584487.3905532,
                "stop": 1778584487.3908367,
                "retries": 0,
                "file_path": "test_outputs.py"
            }
        ]
    }
}