{
    "results": {
        "tool": {
            "name": "pytest",
            "version": "8.4.1"
        },
        "summary": {
            "tests": 2,
            "passed": 2,
            "failed": 0,
            "skipped": 0,
            "pending": 0,
            "other": 0,
            "start": 1778157995.057487,
            "stop": 1778157995.126619
        },
        "tests": [
            {
                "name": "test_outputs.py::test_about_file",
                "status": "passed",
                "duration": 0.0006240890361368656,
                "start": 1778157995.1252148,
                "stop": 1778157995.1261234,
                "retries": 0,
                "file_path": "test_outputs.py"
            },
            {
                "name": "test_outputs.py::test_layout_file",
                "status": "passed",
                "duration": 0.00023125112056732178,
                "start": 1778157995.1262028,
                "stop": 1778157995.1264904,
                "retries": 0,
                "file_path": "test_outputs.py"
            }
        ]
    }
}