{
    "results": {
        "tool": {
            "name": "pytest",
            "version": "8.4.1"
        },
        "summary": {
            "tests": 2,
            "passed": 2,
            "failed": 0,
            "skipped": 0,
            "pending": 0,
            "other": 0,
            "start": 1778164379.433765,
            "stop": 1778164379.501346
        },
        "tests": [
            {
                "name": "test_outputs.py::test_about_file",
                "status": "passed",
                "duration": 0.0006862588925287127,
                "start": 1778164379.4999542,
                "stop": 1778164379.500865,
                "retries": 0,
                "file_path": "test_outputs.py"
            },
            {
                "name": "test_outputs.py::test_layout_file",
                "status": "passed",
                "duration": 0.00023750413674861193,
                "start": 1778164379.5009465,
                "stop": 1778164379.5012312,
                "retries": 0,
                "file_path": "test_outputs.py"
            }
        ]
    }
}