{
    "results": {
        "tool": {
            "name": "pytest",
            "version": "8.4.1"
        },
        "summary": {
            "tests": 2,
            "passed": 2,
            "failed": 0,
            "skipped": 0,
            "pending": 0,
            "other": 0,
            "start": 1778569565.135045,
            "stop": 1778569565.1851964
        },
        "tests": [
            {
                "name": "test_outputs.py::test_summary_file_exists",
                "status": "passed",
                "duration": 0.00023817806504666805,
                "start": 1778569565.1844862,
                "stop": 1778569565.1848376,
                "retries": 0,
                "file_path": "test_outputs.py"
            },
            {
                "name": "test_outputs.py::test_summary_structure_and_counts",
                "status": "passed",
                "duration": 0.00017635314725339413,
                "start": 1778569565.1849093,
                "stop": 1778569565.1851306,
                "retries": 0,
                "file_path": "test_outputs.py"
            }
        ]
    }
}