{
    "results": {
        "tool": {
            "name": "pytest",
            "version": "8.4.1"
        },
        "summary": {
            "tests": 2,
            "passed": 2,
            "failed": 0,
            "skipped": 0,
            "pending": 0,
            "other": 0,
            "start": 1778572256.2556822,
            "stop": 1778572256.3151155
        },
        "tests": [
            {
                "name": "test_outputs.py::test_about_file",
                "status": "passed",
                "duration": 0.0011441679671406746,
                "start": 1778572256.3130825,
                "stop": 1778572256.3144457,
                "retries": 0,
                "file_path": "test_outputs.py"
            },
            {
                "name": "test_outputs.py::test_layout_file",
                "status": "passed",
                "duration": 0.0004411231493577361,
                "start": 1778572256.3145351,
                "stop": 1778572256.3150246,
                "retries": 0,
                "file_path": "test_outputs.py"
            }
        ]
    }
}