{
    "results": {
        "tool": {
            "name": "pytest",
            "version": "8.4.1"
        },
        "summary": {
            "tests": 2,
            "passed": 2,
            "failed": 0,
            "skipped": 0,
            "pending": 0,
            "other": 0,
            "start": 1778163736.444839,
            "stop": 1778163736.4842613
        },
        "tests": [
            {
                "name": "test_outputs.py::test_solution_file",
                "status": "passed",
                "duration": 0.00028948811814188957,
                "start": 1778163736.4834359,
                "stop": 1778163736.483857,
                "retries": 0,
                "file_path": "test_outputs.py"
            },
            {
                "name": "test_outputs.py::test_solution_content",
                "status": "passed",
                "duration": 0.00019796798005700111,
                "start": 1778163736.4839268,
                "stop": 1778163736.4841774,
                "retries": 0,
                "file_path": "test_outputs.py"
            }
        ]
    }
}