{
    "results": {
        "tool": {
            "name": "pytest",
            "version": "8.4.1"
        },
        "summary": {
            "tests": 2,
            "passed": 2,
            "failed": 0,
            "skipped": 0,
            "pending": 0,
            "other": 0,
            "start": 1778557705.9355714,
            "stop": 1778557705.9922173
        },
        "tests": [
            {
                "name": "test_outputs.py::test_summary_file_exists",
                "status": "passed",
                "duration": 0.00041520106606185436,
                "start": 1778557705.9911244,
                "stop": 1778557705.9917564,
                "retries": 0,
                "file_path": "test_outputs.py"
            },
            {
                "name": "test_outputs.py::test_summary_structure_and_counts",
                "status": "passed",
                "duration": 0.00022225605789572,
                "start": 1778557705.9918334,
                "stop": 1778557705.9921114,
                "retries": 0,
                "file_path": "test_outputs.py"
            }
        ]
    }
}