{
    "results": {
        "tool": {
            "name": "pytest",
            "version": "8.4.1"
        },
        "summary": {
            "tests": 2,
            "passed": 2,
            "failed": 0,
            "skipped": 0,
            "pending": 0,
            "other": 0,
            "start": 1778162826.2472873,
            "stop": 1778162827.4880161
        },
        "tests": [
            {
                "name": "test_outputs.py::test_modernized_code_runs",
                "status": "passed",
                "duration": 1.2096454189158976,
                "start": 1778162826.277348,
                "stop": 1778162827.4873924,
                "retries": 0,
                "file_path": "test_outputs.py"
            },
            {
                "name": "test_outputs.py::test_dependency_file_exists",
                "status": "passed",
                "duration": 0.00022419309243559837,
                "start": 1778162827.4875953,
                "stop": 1778162827.487887,
                "retries": 0,
                "file_path": "test_outputs.py"
            }
        ]
    }
}