{
    "results": {
        "tool": {
            "name": "pytest",
            "version": "8.4.1"
        },
        "summary": {
            "tests": 2,
            "passed": 2,
            "failed": 0,
            "skipped": 0,
            "pending": 0,
            "other": 0,
            "start": 1778565837.2040288,
            "stop": 1778565837.2573872
        },
        "tests": [
            {
                "name": "test_outputs.py::test_about_file",
                "status": "passed",
                "duration": 0.0006282910471782088,
                "start": 1778565837.255861,
                "stop": 1778565837.2566578,
                "retries": 0,
                "file_path": "test_outputs.py"
            },
            {
                "name": "test_outputs.py::test_layout_file",
                "status": "passed",
                "duration": 0.0004884509835392237,
                "start": 1778565837.2567458,
                "stop": 1778565837.2572825,
                "retries": 0,
                "file_path": "test_outputs.py"
            }
        ]
    }
}